{
   "Coverage": 0.0,
   "Weighted_Score": 0.10193245477458293,
   "Main_Event": 0.0,
   "Event_Names": 0.0,
   "Hazards": 0.11666666666666668,
   "Total_Deaths_Min": 0.04036093088867678,
   "Total_Deaths_Max": 0.03982501101808742,
   "Total_Injuries_Max": 0.058150183150183145,
   "Total_Injuries_Min": 0.0580067880283863,
   "Total_Buildings_Damaged_Min": 0.3099376079740736,
   "Total_Buildings_Damaged_Max": 0.3001050483046671,
   "Total_Affected_Min": 0.17126468442643633,
   "Total_Affected_Max": 0.17247680554323203,
   "Total_Homeless_Min": 0.10154500909781021,
   "Total_Homeless_Max": 0.10742826383465005,
   "Total_Displaced_Min": 0.2738283133691774,
   "Total_Displaced_Max": 0.27622486228685,
   "Total_Damage_Min": 0.12203996792275966,
   "Total_Damage_Max": 0.11242311673280876,
   "Total_Damage_Unit": 0.08571428571428572,
   "Total_Damage_Inflation_Adjusted": 0.17142857142857143,
   "Total_Damage_Inflation_Adjusted_Year": 0.014285714285714285,
   "Total_Insured_Damage_Min": 0.014313780522031996,
   "Total_Insured_Damage_Max": 0.014285714285714285,
   "Total_Insured_Damage_Unit": 0.0,
   "Total_Insured_Damage_Inflation_Adjusted": 0.014285714285714285,
   "Total_Insured_Damage_Inflation_Adjusted_Year": 0.014285714285714285,
   "Start_Date_Day": 0.06875,
   "Start_Date_Month": 0.04065934065934066,
   "Start_Date_Year": 0.02857498665717844,
   "End_Date_Day": 0.07142857142857142,
   "End_Date_Month": 0.04285714285714286,
   "End_Date_Year": 0.02857142857142857,
   "Administrative_Areas_Norm": 0.29018187378619714
}