{
  "Coverage": 0.0,
  "Weighted_Score": 0.3261714420234672,
  "Main_Event": 0.02702702702702703,
  "Event_Name": 0.013513513513513514,
  "Total_Deaths_Min": 0.06342996972317981,
  "Total_Deaths_Max": 0.07790425571080113,
  "Total_Injuries_Max": 0.18196368729593604,
  "Total_Injuries_Min": 0.1799803961068664,
  "Total_Buildings_Min": 0.2813899333138414,
  "Total_Buildings_Max": 0.25257244527644396,
  "Total_Affected_Min": 0.49061880815433573,
  "Total_Affected_Max": 0.49061880815433573,
  "Total_Homeless_Min": 0.19050811435750895,
  "Total_Homeless_Max": 0.19050811435750895,
  "Total_Displace_Min": 0.42506695885074264,
  "Total_Displace_Max": 0.42575995954374335,
  "Total_Damage_Min": 0.13086080901475847,
  "Total_Damage_Max": 0.12157026847421792,
  "Total_Damage_Units": 0.0,
  "Total_Damage_Inflation_Adjusted": 0.7432432432432432,
  "Total_Damage_Inflation_Adjusted_Year": 0.02702702702702703,
  "Total_Insured_Damage_Min": 0.26274842113595964,
  "Total_Insured_Damage_Max": 0.26274842113595964,
  "Total_Insured_Damage_Units": 0.0,
  "Total_Insured_Damage_Inflation_Adjusted": 0.3108108108108108,
  "Total_Insured_Damage_Inflation_Adjusted_Year": 0.02702702702702703,
  "Start_Date_Day": 0.5945945945945946,
  "Start_Date_Month": 0.6081081081081081,
  "Start_Date_Year": 0.5947161554357957,
  "End_Date_Day": 0.6207207207207208,
  "End_Date_Month": 0.6089030206677266,
  "End_Date_Year": 0.5947161554357957
}
