{
   "Coverage": 0.0,
   "Weighted_Score": 0.47913597718012807,
   "Start_Date_Day": 0.19597989949748743,
   "Start_Date_Month": 0.24623115577889448,
   "Start_Date_Year": 0.24623115577889448,
   "End_Date_Day": 0.12060301507537688,
   "End_Date_Month": 0.1507537688442211,
   "End_Date_Year": 0.1507537688442211,
   "Administrative_Area_Norm": 0.8190954773869347,
   "Administrative_Area_GID": 0.9296482412060302,
   "Locations_Norm": 0.949748743718593,
   "Locations_GID": 0.4351168341708541,
   "Num_Min": 0.7519277236267782,
   "Num_Max": 0.7535419422332515
}