{
   "Coverage": 0.0,
   "Weighted_Score": 0.5061841388916831,
   "Start_Date_Day": 0.5275617742496311,
   "Start_Date_Month": 0.5181971725170255,
   "Start_Date_Year": 0.5142045454545454,
   "End_Date_Day": 0.5384825824031523,
   "End_Date_Month": 0.5289963666384121,
   "End_Date_Year": 0.5284090909090909,
   "Administrative_Area_Norm": 0.5142045454545454,
   "Administrative_Area_GID": 0.5440340909090909,
   "Locations_Norm": 0.7176136363636364,
   "Locations_GID": 0.2705939867424242,
   "Num_Min": 0.43506828525360414,
   "Num_Max": 0.4368435898050388
}