{
  "Coverage": 0.0,
  "Weighted_Score": 0.3705219310353717,
  "Main_Event": 0.05714285714285714,
  "Event_Name": 1.0,
  "Hazard": 1.0,
  "Total_Deaths_Min": 0.8714285714285714,
  "Total_Deaths_Max": 0.06751771331711913,
  "Total_Injuries_Max": 0.21428571428571427,
  "Total_Injuries_Min": 0.21428571428571427,
  "Total_Buildings_Min": 0.30734528629265473,
  "Total_Buildings_Max": 0.30734528629265473,
  "Total_Affected_Min": 0.17142857142857143,
  "Total_Affected_Max": 0.18586485572934272,
  "Total_Homeless_Min": 0.15714285714285714,
  "Total_Homeless_Max": 0.15714285714285714,
  "Total_Displace_Min": 0.2649106881859243,
  "Total_Displace_Max": 0.265643288918525,
  "Total_Damage_Min": 0.7142857142857143,
  "Total_Damage_Max": 0.7142857142857143,
  "Total_Damage_Units": 0.32857142857142857,
  "Total_Damage_Inflation_Adjusted": 0.07142857142857142,
  "Total_Damage_Inflation_Adjusted_Year": 0.014285714285714285,
  "Total_Insured_Damage_Min": 0.05714285714285714,
  "Total_Insured_Damage_Max": 0.05714285714285714,
  "Total_Insured_Damage_Units": 0.9428571428571428,
  "Total_Insured_Damage_Inflation_Adjusted": 0.9571428571428572,
  "Total_Insured_Damage_Inflation_Adjusted_Year": 0.014285714285714285,
  "Start_Date_Day": 0.9571428571428572,
  "Start_Date_Month": 1.0,
  "End_Date_Day": 0.04476190476190476,
  "End_Date_Month": 0.0008403361344537815,
  "End_Date_Year": 1.0
}
