{"Coverage": 0.0, "Weighted_Score": 0.21621621621621623, "Total_Homeless_Min": 0.21621621621621623, "Total_Homeless_Max": 0.21621621621621623}