{"Coverage": 0.0, "Weighted_Score": 0.22972972972972974, "Total_Homeless_Min": 0.22972972972972974, "Total_Homeless_Max": 0.22972972972972974}