{
  "Coverage": 0.0,
  "Weighted_Score": 0.16298366619457233,
  "Event_Names": 0.0,
  "Total_Deaths_Min": 0.06021673475797004,
  "Total_Deaths_Max": 0.05915869900130144,
  "Total_Injuries_Max": 0.1032967032967033,
  "Total_Injuries_Min": 0.1032967032967033,
  "Total_Buildings_Damaged_Min": 0.23112797348474712,
  "Total_Buildings_Damaged_Max": 0.22654360951094174,
  "Total_Affected_Min": 0.20015058116245266,
  "Total_Affected_Max": 0.20656035506207354,
  "Total_Homeless_Min": 0.13001999089718538,
  "Total_Homeless_Max": 0.13352507772005584,
  "Total_Displaced_Min": 0.27074794819382886,
  "Total_Displaced_Max": 0.267499751421547,
  "Total_Damage_Min": 0.12235262288793053,
  "Total_Damage_Max": 0.11400104844429425,
  "Total_Damage_Unit": 0.1,
  "Total_Damage_Inflation_Adjusted": 0.8,
  "Total_Damage_Inflation_Adjusted_Year": 0.04285714285714286,
  "Total_Insured_Damage_Min": 0.08571428571428572,
  "Total_Insured_Damage_Max": 0.08571428571428572,
  "Total_Insured_Damage_Unit": 0.07142857142857142,
  "Total_Insured_Damage_Inflation_Adjusted": 0.15714285714285714,
  "Total_Insured_Damage_Inflation_Adjusted_Year": 0.014285714285714285
}
