{
   "Coverage": 0.0,
   "Weighted_Score": 0.45113833349896576,
   "Start_Date_Day": 0.4407356755211338,
   "Start_Date_Month": 0.4576923076923077,
   "Start_Date_Year": 0.4576923076923077,
   "End_Date_Day": 0.40880893300248133,
   "End_Date_Month": 0.4115384615384615,
   "End_Date_Year": 0.4153846153846154,
   "Administrative_Area_Norm": 0.6423076923076924,
   "Locations_Norm": 0.7769230769230769,
   "Administrative_Area_GID": 0.6692307692307692,
   "Locations_GID": 0.33984647435897436,
   "Num_Min": 0.35990170618353295,
   "Num_Max": 0.36393605957220965,
   "Num_Unit": 0.35384615384615387,
   "Num_Inflation_Adjusted": 0.6538461538461539,
   "Num_Inflation_Adjusted_Year": 0.015384615384615385
}