{
   "Coverage": 0.0,
   "Weighted_Score": 0.5122838032914183,
   "Start_Date_Day": 0.1965342768686422,
   "Start_Date_Month": 0.2063157894736842,
   "Start_Date_Year": 0.2063157894736842,
   "End_Date_Day": 0.13956140350877194,
   "End_Date_Month": 0.14760233918128657,
   "End_Date_Year": 0.14736842105263157,
   "Administrative_Area_Norm": 0.9242105263157895,
   "Administrative_Area_GID": 0.9431578947368421,
   "Locations_Norm": 0.9626315789473684,
   "Locations_GID": 0.5224740526315789,
   "Num_Min": 0.8751328361364575,
   "Num_Max": 0.8761007311702808
}